IES-00190-r12_chr2_1741367	scf_8254710	8016	8018
IES-00200-r13_chr2_1420594	scf_8254783	97278	97279
IES-00231-r8_chr2_859014	scf_8254406	681362	681362
IES-00232-r16_chr2_845846	scf_8254406	672755	672756
IES-00233-r18_chr2_809006	scf_8254406	647742	647745
IES-00246-r15_chr2_430340	scf_8254406	310001	310013
IES-00252-r11_chr2_290227	scf_8254406	190644	190647
IES-00388-r14_chr2_23819213	scf_8254692	11737	11738
IES-00394-r10_chr2_23740819	scf_8254786	434777	434777
IES-00396-r12_chr2_23724449	scf_8254786	424511	424514
IES-00400-r17_chr2_23636168	scf_8254786	381624	381624
IES-00403-r12_chr2_23619758	scf_8254786	368955	368956
IES-00411-r19_chr2_23484424	scf_8254786	256976	256978
IES-00644-r6_chr2_16065050	scf_8254828	112769	112769
IES-00645-r6_chr2_16060775	scf_8254828	111694	111694
IES-00649-r5_chr2_16031824	scf_8254828	99863	99863
IES-00650-r7_chr2_16026867	scf_8254828	98694	98694
IES-00658-r6_chr2_15955448	scf_8254828	74207	74207
IES-00664-r10_chr2_15868648	scf_8254828	52712	52713
IES-00666-r16_chr2_15820499	scf_8254828	31289	31289
IES-00667-r13_chr2_15816112	scf_8254828	29369	29373
IES-00668-r9_chr2_15805266	scf_8254828	19661	19661
IES-00669-r11_chr2_15793621	scf_8254828	12874	12881
IES-00671-r11_chr2_15773234	scf_8254828	2879	2880
IES-00684-r9_chr2_11109528	scf_8254661	39678	39678
IES-01109-r10_chr2_16608066	scf_8254470	209534	209554
IES-01110-r13_chr2_16640006	scf_8254470	234386	234386
IES-01111-r6_chr2_16643711	scf_8254470	236337	236341
IES-01112-r15_chr2_16655841	scf_8254470	237783	237783
IES-01113-r9_chr2_16668517	scf_8254470	245188	245191
IES-01114-r8_chr2_16681829	scf_8254470	254492	254503
IES-01115-r9_chr2_16689085	scf_8254470	256035	256037
IES-01116-r9_chr2_16700762	scf_8254470	260606	260606
IES-01117-r10_chr2_16703643	scf_8254470	263178	263184
IES-01118-r13_chr2_16713178	scf_8254470	268642	268651
IES-01119-r15_chr2_16729152	scf_8254470	278979	278979
IES-01120-r19_chr2_16748100	scf_8254470	288117	288121
IES-01121-r9_chr2_16789860	scf_8254470	322617	322617
IES-01122-r13_chr2_16836216	scf_8254470	356016	356016
IES-01123-r15_chr2_16846167	scf_8254470	362743	362743
IES-01124-r13_chr2_16854054	scf_8254470	366552	366556
IES-01125-r14_chr2_16868894	scf_8254470	378974	378980
IES-01163-r13_chr2_18844240	scf_8254731	428023	428023
IES-01164-r16_chr2_18816146	scf_8254731	410044	410047
IES-01166-r12_chr2_18760815	scf_8254731	385210	385210
IES-01167-r7_chr2_18726358	scf_8254731	355779	355779
IES-01168-r15_chr2_18714549	scf_8254731	347565	347573
IES-01169-r17_chr2_18708063	scf_8254731	344645	344647
IES-01170-r12_chr2_18675593	scf_8254731	318654	318657
IES-01173-r10_chr2_18637989	scf_8254731	291476	291476
IES-01174-r9_chr2_18625305	scf_8254731	289809	289812
IES-01175-r23_chr2_18614623	scf_8254731	286475	286476
IES-01176-r22_chr2_18601309	scf_8254731	280923	280930
IES-01587-r10_chr2_20760723	scf_8254797	64779	64791
IES-01588-r12_chr2_20727293	scf_8254797	44188	44194
IES-01589-r10_chr2_20723015	scf_8254797	41384	41386
IES-01592-r11_chr2_20702078	scf_8254797	32058	32063
IES-01704-r19_chr2_9150238	scf_8254803	2095118	2095118
IES-01705-r20_chr2_9157010	scf_8254803	2097083	2097083
IES-01706-r17_chr2_9162099	scf_8254803	2098710	2098710
IES-01708-r11_chr2_9203553	scf_8254803	2108152	2108154
IES-01709-r11_chr2_9216302	scf_8254803	2109678	2109678
IES-01710-r15_chr2_9227731	scf_8254803	2117343	2117343
IES-01711-r18_chr2_9243792	scf_8254803	2127751	2127763
IES-01712-r22_chr2_9256426	scf_8254803	2137370	2137370
IES-01713-r16_chr2_9262045	scf_8254803	2140948	2140950
IES-01714-r16_chr2_9308901	scf_8254803	2182409	2182412
IES-01715-r10_chr2_9314726	scf_8254803	2185735	2185760
IES-01716-r4_chr2_9319257	scf_8254803	2187861	2187869
IES-01800-r7_chr2_2690422	scf_8254671	2938	2939
IES-01801-r13_chr2_2723693	scf_8254671	21926	21928
IES-01803-r12_chr2_2762337	scf_8254671	42062	42067
IES-01806-r11_chr2_22974238	scf_8254595	36965	36968
IES-01812-r6_chr2_22902153	scf_8254611	517166	517168
IES-01813-r18_chr2_22891898	scf_8254611	515181	515185
IES-01880-r17_chr2_9133957	scf_8254803	2089426	2089431
IES-01881-r18_chr2_9126531	scf_8254803	2086153	2086155
IES-01882-r18_chr2_9121698	scf_8254803	2082303	2082306
IES-01883-r9_chr2_9117129	scf_8254803	2079162	2079164
IES-01884-r15_chr2_9098069	scf_8254803	2068384	2068384
IES-01885-r11_chr2_9090657	scf_8254803	2063898	2063898
IES-01886-r15_chr2_9086079	scf_8254803	2060500	2060500
IES-01887-r16_chr2_9077635	scf_8254803	2055366	2055374
IES-01888-r20_chr2_8998027	scf_8254803	2015958	2015962
IES-01889-r15_chr2_8989376	scf_8254803	2010551	2010554
IES-01890-r8_chr2_8980903	scf_8254803	2007164	2007166
IES-01891-r15_chr2_8974835	scf_8254803	2005804	2005805
IES-01893-r11_chr2_8961537	scf_8254803	2001327	2001327
IES-01894-r15_chr2_8954221	scf_8254803	1998885	1998887
IES-02093-r10_chr2_21875715	scf_8254788	698675	698675
IES-02097-r15_chr2_21916357	scf_8254788	713159	713162
IES-02098-r3_chr2_21919321	scf_8254788	715219	715256
IES-02100-r12_chr2_21947315	scf_8254788	733759	733760
IES-02101-r10_chr2_21975255	scf_8254788	754109	754110
IES-02102-r20_chr2_22009758	scf_8254788	776762	776766
IES-02103-r13_chr2_22030553	scf_8254788	793830	793834
IES-02112-r12_chr2_22560752	scf_8254611	295555	295557
IES-02113-r16_chr2_22573974	scf_8254611	299710	299710
IES-02114-r6_chr2_22586011	scf_8254611	307510	307512
IES-02115-r13_chr2_22611260	scf_8254611	330359	330363
IES-02116-r17_chr2_22660037	scf_8254611	372723	372723
IES-02117-r24_chr2_22665447	scf_8254611	376320	376322
IES-02118-r27_chr2_22671552	scf_8254611	381184	381184
IES-02119-r45_chr2_22707312	scf_8254611	390357	390358
IES-02120-r30_chr2_22710017	scf_8254611	392045	392045
IES-02121-r10_chr2_22718877	scf_8254611	396596	396597
IES-02122-r16_chr2_22735102	scf_8254611	403438	403438
IES-02123-r8_chr2_22740684	scf_8254611	405132	405134
IES-02167-r22_chr2_39104	scf_8254406	17570	17574
IES-02263-r23_chr2_17318522	scf_8254470	594168	594168
IES-02264-r15_chr2_17331680	scf_8254470	600676	600676
IES-02265-r13_chr2_17343608	scf_8254470	603889	603890
IES-02266-r15_chr2_17363691	scf_8254470	620579	620580
IES-02267-r12_chr2_17384823	scf_8254470	639729	639731
IES-02268-r22_chr2_17393784	scf_8254470	647836	647841
IES-02269-r9_chr2_17448071	scf_8254470	692010	692018
IES-02304-r14_chr2_18074925	scf_8254470	1175324	1175325
IES-02305-r13_chr2_18081105	scf_8254470	1180396	1180397
IES-02306-r23_chr2_18095892	scf_8254470	1185529	1185537
IES-02307-r19_chr2_18114439	scf_8254470	1198460	1198472
IES-02309-r14_chr2_18167873	scf_8254731	29530	29530
IES-02310-r17_chr2_18175677	scf_8254731	33768	33771
IES-02311-r11_chr2_18181672	scf_8254731	38323	38327
IES-02312-r12_chr2_18186045	scf_8254731	40044	40046
IES-02313-r13_chr2_18217008	scf_8254731	67210	67213
IES-02498-r9_chr2_8910871	scf_8254803	1988304	1988304
IES-02499-r15_chr2_8890658	scf_8254803	1970800	1970806
IES-02500-r20_chr2_8886274	scf_8254803	1969048	1969057
IES-02501-r9_chr2_8872525	scf_8254803	1967311	1967311
IES-02502-r10_chr2_8861608	scf_8254803	1965721	1965725
IES-02503-r5_chr2_8839470	scf_8254803	1958749	1958755
IES-02504-r10_chr2_8831207	scf_8254803	1953656	1953660
IES-02505-r15_chr2_8820997	scf_8254803	1946037	1946040
IES-02506-r16_chr2_8813339	scf_8254803	1939734	1939738
IES-02507-r15_chr2_8801496	scf_8254803	1930815	1930816
IES-02508-r15_chr2_8786380	scf_8254803	1919281	1919288
IES-02576-r10_chr2_3591833	scf_8254652	21955	21958
IES-02577-r16_chr2_3609448	scf_8254652	32818	32818
IES-02578-r6_chr2_3614347	scf_8254652	33986	33997
IES-02579-r8_chr2_3622007	scf_8254652	37427	37428
IES-02583-r10_chr2_3695921	scf_8254652	81861	81873
IES-02584-r10_chr2_3701865	scf_8254652	86569	86580
IES-02688-r11_chr2_10576885	scf_8254263	1326	1326
IES-02695-r9_chr2_14402652	scf_8253908	6890	6895
IES-02758-r13_chr2_16595124	scf_8254470	201898	201899
IES-02759-r22_chr2_16578522	scf_8254470	189501	189509
IES-02760-r15_chr2_16562047	scf_8254470	180882	180883
IES-02762-r15_chr2_16528950	scf_8254470	160171	160171
IES-02763-r11_chr2_16524956	scf_8254470	158936	158936
IES-02764-r9_chr2_16506556	scf_8254470	145337	145342
IES-02765-r12_chr2_16487315	scf_8254470	128708	128708
IES-02766-r10_chr2_16480158	scf_8254470	123293	123296
IES-02768-r12_chr2_16474320	scf_8254470	120735	120735
IES-02770-r11_chr2_16456555	scf_8254470	116727	116727
IES-02771-r11_chr2_16442634	scf_8254470	109802	109811
IES-02859-r10_chr2_22062246	scf_8254788	815232	815235
IES-02860-r10_chr2_22068821	scf_8254788	819328	819328
IES-02862-r5_chr2_22090172	scf_8254611	11245	11249
IES-02863-r15_chr2_22094947	scf_8254611	14914	14914
IES-02864-r9_chr2_22105483	scf_8254611	21826	21828
IES-02865-r16_chr2_22114612	scf_8254611	26328	26330
IES-02867-r11_chr2_22149402	scf_8254611	55508	55515
IES-02868-r17_chr2_22474142	scf_8254611	277648	277648
IES-02869-r22_chr2_22465819	scf_8254611	272702	272702
IES-02870-r23_chr2_22460409	scf_8254611	270936	270944
IES-02871-r14_chr2_22453381	scf_8254611	265374	265374
IES-02872-r14_chr2_22449258	scf_8254611	262732	262732
IES-02873-r26_chr2_22444865	scf_8254611	259923	259941
IES-02874-r18_chr2_22412249	scf_8254611	249682	249686
IES-02875-r19_chr2_22406265	scf_8254611	246407	246407
IES-02876-r16_chr2_22402430	scf_8254611	245000	245002
IES-02877-r21_chr2_22386720	scf_8254611	236671	236673
IES-02878-r14_chr2_22377242	scf_8254611	229583	229584
IES-02879-r8_chr2_22369270	scf_8254611	227293	227295
IES-02880-r16_chr2_22361865	scf_8254611	222910	222912
IES-02881-r11_chr2_22336240	scf_8254611	198362	198368
IES-02888-r4_chr2_9663967	scf_8254159	4294	4296
IES-02889-r7_chr2_9681433	scf_8254159	6170	6175
IES-02890-r10_chr2_9685098	scf_8254159	8001	8002
IES-02909-r11_chr2_5011061	scf_8254690	20184	20184
IES-02910-r15_chr2_5021959	scf_8254690	20184	20184
IES-02911-r11_chr2_5026316	scf_8254690	20184	20184
IES-02912-r11_chr2_5050533	scf_8254690	30972	30973
IES-02916-r12_chr2_5093400	scf_8253823	3436	3440
IES-02917-r13_chr2_5108682	scf_8253823	14467	14467
IES-02939-r12_chr2_5920043	scf_8254748	162491	162498
IES-03088-r11_chr2_14829275	scf_8253908	185450	185450
IES-03091-r7_chr2_14889352	scf_8254492	1314	1316
IES-03093-r12_chr2_14923200	scf_8254492	4922	4924
IES-03127-r14_chr2_12204780	scf_8254705	41296	41300
IES-03217-r14_chr2_14527172	scf_8253908	61997	62009
IES-03218-r10_chr2_14516309	scf_8253908	52836	52851
IES-03220-r16_chr2_14483413	scf_8253908	39043	39043
IES-03221-r17_chr2_14467845	scf_8253908	27665	27687
IES-03223-r8_chr2_14457169	scf_8253908	23102	23102
IES-03224-r10_chr2_14453996	scf_8253908	21695	21695
IES-03226-r10_chr2_14421968	scf_8253908	12921	12925
IES-03231-r10_chr2_23284664	scf_8254786	124906	124906
IES-03234-r9_chr2_23297910	scf_8254786	133545	133547
IES-03235-r11_chr2_23302899	scf_8254786	135378	135382
IES-03259-r9_chr2_17305740	scf_8254470	587451	587451
IES-03260-r11_chr2_17291218	scf_8254470	581612	581612
IES-03261-r6_chr2_17277068	scf_8254470	571157	571160
IES-03262-r6_chr2_17270582	scf_8254470	568057	568065
IES-03263-r12_chr2_17260575	scf_8254470	566567	566571
IES-03264-r6_chr2_17255150	scf_8254470	564913	564913
IES-03265-r12_chr2_17237086	scf_8254470	554285	554288
IES-03266-r6_chr2_17233983	scf_8254470	552773	552773
IES-03267-r11_chr2_17217583	scf_8254470	540129	540131
IES-03268-r21_chr2_17196866	scf_8254470	526771	526772
IES-03269-r12_chr2_17191264	scf_8254470	524533	524544
IES-03273-r14_chr2_15075333	scf_8254492	44985	44985
IES-03276-r5_chr2_15101557	scf_8254492	62824	62826
IES-03295-r11_chr2_9935541	scf_8254418	43069	43071
IES-03296-r14_chr2_9931902	scf_8254418	41903	41906
IES-03397-r14_chr2_22858218	scf_8254611	493154	493155
IES-03402-r11_chr2_22809505	scf_8254611	453233	453235
IES-03403-r12_chr2_22806509	scf_8254611	451809	451823
IES-03404-r5_chr2_22797785	scf_8254611	445983	446008
IES-03405-r25_chr2_22790588	scf_8254611	439453	439453
IES-03406-r12_chr2_22774895	scf_8254611	425096	425098
IES-03407-r7_chr2_22772112	scf_8254611	423116	423119
IES-03408-r9_chr2_22767137	scf_8254611	421191	421196
IES-03409-r9_chr2_22758565	scf_8254611	416328	416328
IES-03410-r9_chr2_22754659	scf_8254611	413780	413780
IES-03497-r8_chr2_16317698	scf_8254470	44187	44187
IES-03498-r8_chr2_16329353	scf_8254470	49174	49174
IES-03499-r7_chr2_16344426	scf_8254470	52807	52808
IES-03500-r10_chr2_16354398	scf_8254470	55631	55631
IES-03501-r6_chr2_16359420	scf_8254470	58828	58832
IES-03502-r13_chr2_16372630	scf_8254470	65911	65913
IES-03503-r13_chr2_16379819	scf_8254470	69451	69451
IES-03504-r12_chr2_16399112	scf_8254470	80021	80021
IES-03505-r15_chr2_16404049	scf_8254470	82301	82311
IES-03506-r5_chr2_16431309	scf_8254470	103296	103297
IES-03515-r20_chr2_11029715	scf_8254438	16911	16914
IES-03518-r11_chr2_10998350	scf_8254438	5828	5828
IES-03557-r6_chr2_10205295	scf_8254674	198533	198533
IES-03558-r5_chr2_10202550	scf_8254674	198533	198533
IES-03559-r14_chr2_10192523	scf_8254674	198533	198533
IES-03566-r7_chr2_10118703	scf_8254674	170027	170030
IES-03568-r15_chr2_11274317	scf_8254430	6116	6118
IES-03569-r14_chr2_11286593	scf_8254430	14255	14255
IES-03584-r10_chr2_20399633	scf_8254647	33818	33818
IES-03585-r16_chr2_20390885	scf_8254647	29594	29594
IES-03586-r17_chr2_20378516	scf_8254647	28018	28018
IES-03587-r13_chr2_20362205	scf_8254647	16724	16724
IES-03588-r13_chr2_20356139	scf_8254647	15494	15498
IES-03589-r8_chr2_20336101	scf_8254647	3991	3991
IES-03608-r13_chr2_20030376	scf_8254483	216400	216400
IES-03624-r6_chr2_19815086	scf_8254483	40005	40007
IES-03625-r11_chr2_19801045	scf_8254483	30096	30102
IES-03674-r7_chr2_14031952	scf_8254736	187867	187874
IES-03675-r8_chr2_14012434	scf_8254736	177988	177988
IES-03791-r13_chr2_12118929	scf_8254705	26240	26249
IES-03794-r13_chr2_12164109	scf_8254705	36316	36318
IES-03819-r16_chr2_15170603	scf_8254571	151703	151705
IES-03823-r14_chr2_15261629	scf_8254571	183037	183038
IES-03831-r10_chr2_16971694	scf_8254470	442833	442836
IES-03832-r17_chr2_17005542	scf_8254470	460266	460268
IES-03833-r10_chr2_17041344	scf_8254470	468227	468227
IES-03961-r6_chr2_4399041	scf_8254652	580421	580421
IES-03963-r8_chr2_4345641	scf_8254652	560703	560705
IES-03964-r4_chr2_4325618	scf_8254652	544707	544707
IES-03965-r7_chr2_4320679	scf_8254652	542236	542237
IES-03966-r11_chr2_4316091	scf_8254652	538889	538889
IES-04001-r11_chr2_23211919	scf_8254786	75407	75409
IES-04002-r7_chr2_8254026	scf_8254803	1532925	1532934
IES-04004-r10_chr2_8210904	scf_8254803	1511352	1511362
IES-04005-r9_chr2_8204927	scf_8254803	1507566	1507570
IES-04006-r15_chr2_8197805	scf_8254803	1503273	1503273
IES-04007-r16_chr2_8167661	scf_8254803	1480187	1480195
IES-04008-r16_chr2_8121078	scf_8254803	1434558	1434562
IES-04009-r11_chr2_8110154	scf_8254803	1424501	1424503
IES-04010-r13_chr2_8067129	scf_8254803	1383213	1383215
IES-04011-r12_chr2_8054740	scf_8254803	1378127	1378133
IES-04012-r11_chr2_8048391	scf_8254803	1375351	1375354
IES-04013-r6_chr2_8020523	scf_8254803	1354148	1354160
IES-04014-r8_chr2_7947383	scf_8254803	1295418	1295423
IES-04017-r7_chr2_7912873	scf_8254803	1269254	1269255
IES-04018-r15_chr2_7908843	scf_8254803	1266639	1266650
IES-04019-r14_chr2_7891164	scf_8254803	1251397	1251398
IES-04020-r9_chr2_7865312	scf_8254803	1226856	1226862
IES-04021-r11_chr2_7851304	scf_8254803	1216495	1216504
IES-04022-r9_chr2_7796669	scf_8254803	1171467	1171472
IES-04023-r6_chr2_7783498	scf_8254803	1159516	1159516
IES-04026-r9_chr2_7744299	scf_8254803	1129206	1129206
IES-04027-r12_chr2_7731338	scf_8254803	1118452	1118459
IES-04028-r11_chr2_7727891	scf_8254803	1115972	1115972
IES-04029-r7_chr2_7714629	scf_8254803	1108098	1108110
IES-04030-r9_chr2_7698016	scf_8254803	1094990	1094996
IES-04031-r10_chr2_7691772	scf_8254803	1092985	1092988
IES-04032-r18_chr2_7683975	scf_8254803	1087825	1087832
IES-04033-r7_chr2_7669887	scf_8254803	1078172	1078175
IES-04034-r15_chr2_7660659	scf_8254803	1073652	1073655
IES-04035-r7_chr2_7652940	scf_8254803	1067101	1067101
IES-04036-r16_chr2_7592516	scf_8254803	1011349	1011354
IES-04037-r8_chr2_7580278	scf_8254803	1000128	1000135
IES-04038-r12_chr2_7568515	scf_8254803	992126	992133
IES-04039-r13_chr2_7564130	scf_8254803	988472	988481
IES-04040-r8_chr2_7559914	scf_8254803	986801	986806
IES-04041-r8_chr2_7553832	scf_8254803	981860	981862
IES-04042-r3_chr2_7546611	scf_8254803	978395	978397
IES-04043-r10_chr2_7536159	scf_8254803	974001	974004
IES-04044-r10_chr2_7520015	scf_8254803	959508	959511
IES-04045-r7_chr2_7513743	scf_8254803	954942	954944
IES-04046-r9_chr2_7485523	scf_8254803	931538	931539
IES-04047-r7_chr2_7457749	scf_8254803	908430	908431
IES-04048-r7_chr2_7437008	scf_8254803	891512	891513
IES-04050-r15_chr2_7423614	scf_8254803	880594	880599
IES-04089-r20_chr2_18907239	scf_8254731	454280	454284
IES-04090-r11_chr2_18922349	scf_8254731	462058	462062
IES-04093-r10_chr2_23449810	scf_8254786	240451	240455
IES-04097-r16_chr2_23419362	scf_8254786	224489	224489
IES-04098-r8_chr2_23412460	scf_8254786	222468	222481
IES-04099-r12_chr2_23408046	scf_8254786	221152	221152
IES-04100-r19_chr2_23399121	scf_8254786	214802	214803
IES-04101-r9_chr2_23395467	scf_8254786	213221	213223
IES-04103-r21_chr2_22283807	scf_8254611	155462	155462
IES-04104-r12_chr2_22273327	scf_8254611	146707	146710
IES-04105-r8_chr2_22240436	scf_8254611	117914	117914
IES-04196-r11_chr2_18433110	scf_8254731	200886	200886
IES-04198-r8_chr2_18444495	scf_8254731	207582	207585
IES-04199-r15_chr2_18451530	scf_8254731	212029	212029
IES-04200-r7_chr2_18461384	scf_8254731	220023	220025
IES-04204-r14_chr2_18496255	scf_8254731	242097	242097
IES-04205-r8_chr2_18507500	scf_8254731	249576	249578
IES-04206-r9_chr2_18511438	scf_8254731	251066	251066
IES-04220-r11_chr2_18324338	scf_8254731	126299	126300
IES-04221-r10_chr2_18326214	scf_8254731	127750	127754
IES-04222-r6_chr2_18341094	scf_8254731	132259	132271
IES-04223-r14_chr2_18392801	scf_8254731	170398	170399
IES-04234-r14_chr2_6503622	scf_8254803	281748	281750
IES-04235-r11_chr2_6508377	scf_8254803	285051	285060
IES-04236-r10_chr2_6516211	scf_8254803	288371	288379
IES-04240-r8_chr2_6554997	scf_8254803	316228	316228
IES-04243-r21_chr2_6604785	scf_8254803	351848	351848
IES-04244-r11_chr2_6612010	scf_8254803	356677	356697
IES-04245-r9_chr2_6620287	scf_8254803	360342	360342
IES-04246-r9_chr2_6630127	scf_8254803	367155	367157
IES-04247-r13_chr2_6641138	scf_8254803	375965	375980
IES-04249-r13_chr2_6661048	scf_8254803	386875	386893
IES-04250-r22_chr2_6667493	scf_8254803	390267	390276
IES-04252-r15_chr2_6716608	scf_8254803	433328	433335
IES-04253-r16_chr2_6735605	scf_8254803	448643	448651
IES-04254-r13_chr2_6786080	scf_8254803	492429	492430
IES-04255-r16_chr2_6792632	scf_8254803	497094	497117
IES-04256-r10_chr2_6878395	scf_8254803	570161	570166
IES-04257-r10_chr2_6882368	scf_8254803	572262	572268
IES-04258-r9_chr2_6885943	scf_8254803	574357	574358
IES-04259-r17_chr2_6902102	scf_8254803	587307	587307
IES-04260-r13_chr2_6907466	scf_8254803	590380	590381
IES-04261-r15_chr2_6912345	scf_8254803	594188	594202
IES-04262-r17_chr2_6943938	scf_8254803	623165	623165
IES-04263-r16_chr2_6989593	scf_8254803	666632	666639
IES-04264-r9_chr2_6997324	scf_8254803	672965	672965
IES-04265-r5_chr2_7018856	scf_8254803	687384	687399
IES-04266-r6_chr2_7027181	scf_8254803	693479	693485
IES-04267-r9_chr2_7035581	scf_8254803	698730	698734
IES-04268-r4_chr2_7043339	scf_8254803	704501	704504
IES-04270-r5_chr2_7053701	scf_8254803	709856	709857
IES-04271-r9_chr2_7077702	scf_8254803	729874	729877
IES-04272-r16_chr2_7097092	scf_8254803	745954	745957
IES-04273-r6_chr2_7104028	scf_8254803	751928	751929
IES-04274-r8_chr2_7108442	scf_8254803	754504	754504
IES-04275-r15_chr2_7116490	scf_8254803	761597	761597
IES-04276-r11_chr2_7125405	scf_8254803	765478	765480
IES-04277-r5_chr2_7131466	scf_8254803	768730	768731
IES-04278-r10_chr2_7139628	scf_8254803	771984	771996
IES-04279-r5_chr2_7144076	scf_8254803	774553	774553
IES-04280-r8_chr2_7155428	scf_8254803	780320	780324
IES-04281-r10_chr2_7162742	scf_8254803	786355	786386
IES-04282-r9_chr2_7178308	scf_8254803	799951	799956
IES-04283-r14_chr2_7182344	scf_8254803	801746	801751
IES-04284-r10_chr2_7189751	scf_8254803	806964	806966
IES-04320-r8_chr2_4456552	scf_8254652	606370	606370
IES-04321-r8_chr2_4425524	scf_8254652	584485	584485
IES-04503-r15_chr2_21728679	scf_8254788	629737	629741
IES-04504-r15_chr2_21713387	scf_8254788	628615	628615
IES-04505-r13_chr2_21703966	scf_8254788	624988	624989
IES-04506-r11_chr2_21693259	scf_8254788	622831	622831
IES-04507-r18_chr2_21672228	scf_8254788	609867	609870
IES-04628-r6_chr2_7368058	scf_8254803	858713	858713
IES-04629-r9_chr2_7363050	scf_8254803	857123	857129
IES-04630-r16_chr2_7355932	scf_8254803	853882	853882
IES-04632-r7_chr2_7307297	scf_8254803	841386	841386
IES-04695-r12_chr2_9769612	scf_8254159	26620	26621
IES-04796-r8_chr2_14612700	scf_8253908	111785	111785
IES-04821-r8_chr2_21612485	scf_8254788	564824	564824
IES-04822-r22_chr2_21603614	scf_8254788	559593	559599
IES-04823-r14_chr2_21590664	scf_8254788	553037	553039
IES-04824-r9_chr2_21580111	scf_8254788	544359	544363
IES-04825-r16_chr2_21571198	scf_8254788	538788	538790
IES-04826-r12_chr2_21567829	scf_8254788	536682	536693
IES-04827-r12_chr2_21549086	scf_8254788	520058	520058
IES-04828-r6_chr2_21534538	scf_8254788	506432	506437
IES-04829-r15_chr2_21523598	scf_8254788	500392	500393
IES-04830-r17_chr2_21501258	scf_8254788	481888	481891
IES-04831-r15_chr2_21480739	scf_8254788	465671	465674
IES-04832-r14_chr2_21475700	scf_8254788	461352	461352
IES-04833-r15_chr2_21466847	scf_8254788	454928	454939
IES-04834-r11_chr2_21456931	scf_8254788	447029	447030
IES-04835-r14_chr2_21448765	scf_8254788	440576	440581
IES-04836-r10_chr2_21436543	scf_8254788	433986	433988
IES-04837-r14_chr2_21408066	scf_8254788	418941	418951
IES-04838-r17_chr2_21346733	scf_8254788	368754	368758
IES-04839-r7_chr2_21341133	scf_8254788	365027	365034
IES-04840-r8_chr2_21337335	scf_8254788	362007	362007
IES-04841-r16_chr2_21333465	scf_8254788	358898	358902
IES-04842-r9_chr2_21311494	scf_8254788	347344	347344
IES-04843-r16_chr2_21287857	scf_8254788	331841	331847
IES-04844-r20_chr2_21277894	scf_8254788	328563	328563
IES-04845-r21_chr2_21235787	scf_8254788	295074	295078
IES-04846-r16_chr2_21227217	scf_8254788	288824	288826
IES-04847-r13_chr2_21221057	scf_8254788	284671	284671
IES-04848-r17_chr2_21208577	scf_8254788	278543	278543
IES-04849-r17_chr2_21171438	scf_8254788	246355	246356
IES-04852-r14_chr2_21127898	scf_8254788	218058	218066
IES-04854-r9_chr2_21089305	scf_8254788	186222	186228
IES-04855-r13_chr2_21075109	scf_8254788	176852	176853
IES-04857-r13_chr2_21003483	scf_8254788	114695	114695
IES-04860-r10_chr2_20949950	scf_8254788	70566	70568
IES-04862-r12_chr2_20901705	scf_8254788	29628	29633
IES-05025-r12_chr2_6346351	scf_8254803	169482	169483
IES-05026-r15_chr2_6348883	scf_8254803	171631	171631
IES-05028-r15_chr2_6387613	scf_8254803	197964	197975
IES-05033-r13_chr2_13405836	scf_8254586	91354	91354
IES-05068-r20_chr2_21785751	scf_8254788	653958	653960
IES-05069-r6_chr2_21797128	scf_8254788	661294	661298
IES-05070-r15_chr2_21800220	scf_8254788	663381	663387
IES-05071-r12_chr2_21808868	scf_8254788	669668	669668
IES-05072-r6_chr2_21832909	scf_8254788	687579	687588
IES-05073-r11_chr2_20536991	scf_8254797	6505	6505
IES-05077-r5_chr2_3499486	scf_8254671	581306	581306
IES-05078-r7_chr2_3494058	scf_8254671	579803	579803
IES-05080-r11_chr2_3460629	scf_8254671	551004	551004
IES-05081-r14_chr2_3452257	scf_8254671	544996	544998
IES-05082-r6_chr2_3442362	scf_8254671	535779	535789
IES-05083-r4_chr2_3423455	scf_8254671	519124	519141
IES-05084-r19_chr2_3411487	scf_8254671	509045	509053
IES-05085-r7_chr2_3406657	scf_8254671	506571	506575
IES-05086-r12_chr2_3381981	scf_8254671	485128	485131
IES-05087-r10_chr2_3354840	scf_8254671	463773	463773
IES-05088-r17_chr2_3339278	scf_8254671	449278	449278
IES-05090-r14_chr2_3276090	scf_8254671	395614	395614
IES-05091-r12_chr2_3258384	scf_8254671	379251	379259
IES-05092-r14_chr2_3253813	scf_8254671	376253	376254
IES-05093-r13_chr2_3217088	scf_8254671	350148	350152
IES-05094-r9_chr2_3171407	scf_8254671	313521	313554
IES-05095-r6_chr2_3158293	scf_8254671	306873	306875
IES-05096-r8_chr2_3147179	scf_8254671	297513	297513
IES-05097-r9_chr2_3134358	scf_8254671	285385	285388
IES-05098-r9_chr2_3131014	scf_8254671	283253	283255
IES-05101-r12_chr2_3069687	scf_8254671	238128	238128
IES-05102-r9_chr2_3016041	scf_8254671	188766	188781
IES-05103-r14_chr2_3008337	scf_8254671	185749	185759
IES-05104-r3_chr2_2998793	scf_8254671	179267	179274
IES-05105-r8_chr2_2990382	scf_8254671	172817	172822
IES-05106-r11_chr2_2977882	scf_8254671	166483	166484
IES-05107-r15_chr2_2959670	scf_8254671	153638	153638
IES-05108-r11_chr2_2952504	scf_8254671	151368	151368
IES-05109-r9_chr2_2941555	scf_8254671	143217	143223
IES-05110-r14_chr2_2924427	scf_8254671	138370	138373
IES-05113-r6_chr2_2861193	scf_8254671	106498	106498
IES-05114-r6_chr2_2851954	scf_8254671	100576	100577
IES-05116-r12_chr2_2824851	scf_8254671	80515	80518
IES-05117-r19_chr2_2814402	scf_8254671	73083	73084
IES-05118-r9_chr2_2791751	scf_8254671	54132	54133
IES-05130-r16_chr2_13521629	scf_8253805	13666	13668
IES-05131-r13_chr2_13500037	scf_8253805	9259	9259
IES-05149-r14_chr2_13211616	scf_8254586	42024	42037
IES-05169-r10_chr2_10033963	scf_8254418	78158	78160
IES-05170-r20_chr2_10037172	scf_8254418	80356	80366
IES-05392-r15_chr2_16261835	scf_8254470	28256	28256
IES-05393-r10_chr2_16279082	scf_8254470	29955	29961
IES-05394-r7_chr2_16284407	scf_8254470	32418	32418
IES-05395-r7_chr2_16293259	scf_8254470	35507	35507
IES-05468-r8_chr2_24053653	scf_8254716	877125	877134
IES-05469-r23_chr2_18312508	scf_8254731	121954	121956
IES-05470-r15_chr2_18304218	scf_8254731	117385	117391
IES-05471-r16_chr2_18299237	scf_8254731	115080	115082
IES-05472-r15_chr2_18293212	scf_8254731	113132	113136
IES-05475-r15_chr2_18260027	scf_8254731	97746	97748
IES-05660-r9_chr2_14117704	scf_8254736	224514	224514
IES-05661-r11_chr2_14137300	scf_8254736	227567	227568
IES-05662-r8_chr2_14151093	scf_8254736	233076	233076
IES-05664-r16_chr2_17132705	scf_8254470	504682	504685
IES-05667-r12_chr2_17105609	scf_8254470	491761	491764
IES-05729-r11_chr2_12677298	scf_8254626	20232	20233
IES-05730-r14_chr2_12689766	scf_8254626	26982	26982
IES-05856-r10_chr2_22524245	scf_8254611	292334	292351
IES-05857-r9_chr2_22520381	scf_8254611	291150	291154
IES-05858-r7_chr2_22514261	scf_8254611	289196	289196
IES-05859-r10_chr2_22501236	scf_8254611	284674	284674
IES-05860-r14_chr2_22495816	scf_8254611	283158	283158
IES-05861-r14_chr2_22491187	scf_8254611	282078	282078
IES-05862-r7_chr2_22486529	scf_8254611	280712	280724
IES-05884-r10_chr2_13018951	scf_8254704	5853	5858
IES-05928-r7_chr2_14193345	scf_8254736	250446	250446
IES-05929-r9_chr2_14202458	scf_8254736	253438	253441
IES-05931-r6_chr2_14220061	scf_8254736	258048	258048
IES-05975-r6_chr2_12056596	scf_8254705	9036	9036
IES-05995-r8_chr2_11186664	scf_8254635	13472	13476
IES-05997-r12_chr2_11104382	scf_8254661	39678	39678
IES-06019-r18_chr2_7252778	scf_8254803	823061	823062
IES-06020-r9_chr2_7264310	scf_8254803	828219	828220
IES-06021-r7_chr2_7280316	scf_8254803	829359	829363
IES-06026-r13_chr2_13329038	scf_8254586	77305	77308
IES-06030-r8_chr2_14773967	scf_8253908	165154	165155
IES-06092-r16_chr2_10309804	scf_8254674	266881	266885
IES-06093-r12_chr2_16231756	scf_8254470	18497	18499
IES-06094-r11_chr2_16227658	scf_8254470	16932	16932
IES-06095-r11_chr2_16225502	scf_8254470	15381	15382
IES-06096-r7_chr2_16219620	scf_8254470	12303	12304
IES-06242-r8_chr2_4289497	scf_8254652	527196	527197
IES-06243-r13_chr2_4281286	scf_8254652	524699	524699
IES-06245-r20_chr2_4243042	scf_8254652	492200	492200
IES-06246-r8_chr2_4235116	scf_8254652	486897	486901
IES-06247-r15_chr2_4214371	scf_8254652	467628	467629
IES-06248-r7_chr2_4189987	scf_8254652	447885	447887
IES-06249-r7_chr2_4186189	scf_8254652	446199	446199
IES-06250-r8_chr2_4170660	scf_8254652	436304	436304
IES-06251-r5_chr2_4158065	scf_8254652	428010	428011
IES-06254-r14_chr2_4120102	scf_8254652	398372	398379
IES-06255-r8_chr2_4110373	scf_8254652	390192	390214
IES-06256-r15_chr2_4105018	scf_8254652	385293	385299
IES-06257-r9_chr2_4101013	scf_8254652	382839	382841
IES-06258-r8_chr2_4093438	scf_8254652	379303	379304
IES-06259-r3_chr2_4034970	scf_8254652	323265	323266
IES-06260-r10_chr2_3969433	scf_8254652	266614	266620
IES-06261-r6_chr2_3918240	scf_8254652	223681	223682
IES-06262-r10_chr2_3904858	scf_8254652	220297	220305
IES-06264-r16_chr2_3884694	scf_8254652	211604	211606
IES-06265-r16_chr2_3878710	scf_8254652	208297	208303
IES-06266-r7_chr2_3865792	scf_8254652	197145	197149
IES-06267-r10_chr2_3811245	scf_8254652	144529	144533
IES-06268-r7_chr2_3794768	scf_8254652	129328	129329
IES-06269-r10_chr2_3778409	scf_8254652	117394	117398
IES-06270-r8_chr2_3771673	scf_8254652	114613	114616
IES-06271-r7_chr2_3760864	scf_8254652	110131	110146
IES-06272-r16_chr2_3755496	scf_8254652	107811	107812
IES-06273-r10_chr2_3750450	scf_8254652	106101	106101
IES-06274-r5_chr2_3745890	scf_8254652	103800	103801
IES-06275-r9_chr2_3742264	scf_8254652	101905	101906
IES-06283-r11_chr2_18060855	scf_8254470	1160743	1160746
IES-06285-r14_chr2_18014185	scf_8254470	1131753	1131757
IES-06286-r10_chr2_18006745	scf_8254470	1127125	1127126
IES-06287-r10_chr2_17994711	scf_8254470	1116028	1116030
IES-06288-r9_chr2_17990975	scf_8254470	1114408	1114417
IES-06289-r15_chr2_17972599	scf_8254470	1105751	1105760
IES-06290-r11_chr2_17917855	scf_8254470	1055141	1055141
IES-06291-r11_chr2_17902171	scf_8254470	1042139	1042148
IES-06292-r13_chr2_17897685	scf_8254470	1039107	1039110
IES-06293-r13_chr2_17892801	scf_8254470	1036436	1036436
IES-06294-r17_chr2_17888214	scf_8254470	1033976	1033978
IES-06295-r12_chr2_17878294	scf_8254470	1029418	1029420
IES-06296-r10_chr2_17836389	scf_8254470	994209	994210
IES-06297-r10_chr2_17827762	scf_8254470	987882	987882
IES-06298-r11_chr2_17806066	scf_8254470	974357	974357
IES-06303-r20_chr2_17738447	scf_8254470	915365	915365
IES-06304-r19_chr2_17734933	scf_8254470	913868	913889
IES-06305-r13_chr2_17728594	scf_8254470	911358	911358
IES-06306-r6_chr2_17723892	scf_8254470	908077	908093
IES-06308-r14_chr2_17693843	scf_8254470	881711	881712
IES-06309-r17_chr2_17684827	scf_8254470	874581	874581
IES-06310-r7_chr2_17661986	scf_8254470	855310	855310
IES-06311-r6_chr2_17657231	scf_8254470	853273	853273
IES-06312-r9_chr2_17652750	scf_8254470	851772	851774
IES-06313-r16_chr2_17640034	scf_8254470	841352	841355
IES-06314-r14_chr2_17635707	scf_8254470	838493	838496
IES-06315-r12_chr2_17621796	scf_8254470	825525	825527
IES-06316-r11_chr2_17611854	scf_8254470	816828	816832
IES-06317-r16_chr2_17606578	scf_8254470	814137	814138
IES-06318-r11_chr2_17589570	scf_8254470	801265	801268
IES-06320-r7_chr2_17563579	scf_8254470	789505	789509
IES-06321-r9_chr2_17538515	scf_8254470	767926	767926
IES-06322-r11_chr2_17528021	scf_8254470	762294	762297
IES-06323-r16_chr2_17525334	scf_8254470	759910	759911
IES-06324-r10_chr2_17513870	scf_8254470	750239	750248
IES-06455-r14_chr2_14230884	scf_8254736	263169	263170
IES-06559-r12_chr2_13076994	scf_8254586	6281	6284
IES-06560-r18_chr2_14725633	scf_8253908	148583	148585
IES-06566-r8_chr2_14962310	scf_8254492	14102	14105
IES-06650-r5_chr2_11066700	scf_8254661	19273	19285
IES-06751-r9_chr2_13258600	scf_8254586	54596	54596
IES-06900-r6_chr2_8285433	scf_8254803	1542504	1542504
IES-06901-r8_chr2_8288710	scf_8254803	1545447	1545447
IES-06902-r13_chr2_8295068	scf_8254803	1549544	1549547
IES-06903-r21_chr2_8322940	scf_8254803	1568520	1568522
IES-06904-r16_chr2_8346843	scf_8254803	1590497	1590497
IES-06905-r11_chr2_8354195	scf_8254803	1596524	1596527
IES-06906-r8_chr2_8388990	scf_8254803	1624469	1624473
IES-06907-r10_chr2_8398914	scf_8254803	1630950	1630955
IES-06908-r8_chr2_8406537	scf_8254803	1634695	1634695
IES-06909-r10_chr2_8411065	scf_8254803	1637604	1637605
IES-06911-r12_chr2_8424459	scf_8254803	1647430	1647432
IES-06912-r14_chr2_8436035	scf_8254803	1656990	1656995
IES-06913-r16_chr2_8478750	scf_8254803	1694524	1694532
IES-06914-r7_chr2_8499066	scf_8254803	1703173	1703176
IES-06915-r11_chr2_8534390	scf_8254803	1737388	1737388
IES-06917-r12_chr2_8588739	scf_8254803	1786587	1786587
IES-06918-r10_chr2_8604883	scf_8254803	1798600	1798600
IES-06919-r15_chr2_8608960	scf_8254803	1800532	1800534
IES-06920-r22_chr2_8626820	scf_8254803	1816679	1816705
IES-06921-r9_chr2_8660244	scf_8254803	1846931	1846933
IES-06922-r6_chr2_8667621	scf_8254803	1853549	1853557
IES-06923-r17_chr2_8690248	scf_8254803	1869974	1869976
IES-06924-r13_chr2_8696567	scf_8254803	1872972	1872972
IES-06925-r11_chr2_8705873	scf_8254803	1878374	1878377
IES-06926-r12_chr2_8713693	scf_8254803	1882552	1882556
IES-06927-r10_chr2_8719830	scf_8254803	1884729	1884729
IES-06928-r14_chr2_8736516	scf_8254803	1891861	1891874
IES-06960-r3_chr2_3716684	scf_8254652	92094	92101
IES-06991-r12_chr2_21763807	scf_8254788	640383	640391
IES-07311-r13_chr2_13926780	scf_8254736	150380	150380
IES-07314-r13_chr2_13890704	scf_8254736	129398	129400
IES-07320-r12_chr2_13844153	scf_8254736	111518	111520
IES-07325-r16_chr2_13781341	scf_8254736	71118	71119
IES-07326-r17_chr2_13774332	scf_8254736	68705	68710
IES-07329-r7_chr2_13732409	scf_8254736	53963	53963
IES-07331-r20_chr2_13705128	scf_8254736	46095	46095
IES-07333-r6_chr2_13683680	scf_8254736	40715	40716
IES-07337-r10_chr2_13588015	scf_8254736	12758	12761
IES-07339-r10_chr2_13572219	scf_8254736	8032	8033
IES-07340-r14_chr2_23467237	scf_8254786	247425	247425
IES-07598-r9_chr2_6243033	scf_8254803	86718	86722
IES-07599-r13_chr2_6239203	scf_8254803	84717	84728
IES-07605-r11_chr2_6146847	scf_8254803	10463	10465
IES-07606-r6_chr2_6139986	scf_8254803	6962	6967
IES-07609-r16_chr2_6099505	scf_8254748	281804	281809
IES-07610-r13_chr2_6093170	scf_8254748	276147	276147
IES-07612-r11_chr2_6072045	scf_8254748	261558	261558
